{
  "com.liferay.client.extension.type.configuration.CETConfiguration~staff-reconciliation-tool" : {
    ":configurator:policy" : "force",
    "baseURL" : "${portalURL}/o/staff-reconciliation-tool",
    "buildTimestamp" : 1771323304844,
    "description" : "",
    "dxp.lxc.liferay.com.virtualInstanceId" : "default",
    "name" : "Staff Reconciliation Tool",
    "projectId" : "staffreconciliationtool",
    "projectName" : "staff-reconciliation-tool",
    "properties" : [ ],
    "sourceCodeURL" : "",
    "type" : "customElement",
    "typeSettings" : [ "friendlyURLMapping=staff-reconciliation-tool", "instanceable=false", "urls=js/main.js", "useESM=false", "htmlElementName=staff-reconciliation-tool-element", "cssURLs=css/main.css", "portletCategoryName=category.client-extensions" ],
    "webContextPath" : "/staff-reconciliation-tool"
  }
}